onset	duration	trial_type	value	sample
2	0.1	NonTarget	1	2000
2.301	0.1	NonTarget	1	2301
2.534	0.1	NonTarget	1	2534
2.801	0.1	NonTarget	1	2801
3.068	0.1	NonTarget	1	3068
3.301	0.1	NonTarget	1	3301
3.568	0.1	NonTarget	1	3568
3.835	0.1	NonTarget	1	3835
4.102	0.1	Target	2	4102
4.336	0.1	NonTarget	1	4336
4.602	0.1	NonTarget	1	4602
4.869	0.1	NonTarget	1	4869
5.103	0.1	Target	2	5103
5.37	0.1	NonTarget	1	5370
5.603	0.1	Target	2	5603
5.87	0.1	NonTarget	1	5870
6.104	0.1	NonTarget	1	6104
6.371	0.1	Target	2	6371
6.604	0.1	NonTarget	1	6604
6.871	0.1	NonTarget	1	6871
7.105	0.1	Target	2	7105
7.371	0.1	NonTarget	1	7371
7.638	0.1	Target	2	7638
7.872	0.1	NonTarget	1	7872
8.139	0.1	NonTarget	1	8139
8.406	0.1	NonTarget	1	8406
8.639	0.1	NonTarget	1	8639
8.906	0.1	Target	2	8906
9.139	0.1	NonTarget	1	9139
9.406	0.1	NonTarget	1	9406
9.64	0.1	Target	2	9640
9.907	0.1	NonTarget	1	9907
10.174	0.1	NonTarget	1	10174
10.407	0.1	NonTarget	1	10407
10.674	0.1	NonTarget	1	10674
10.908	0.1	NonTarget	1	10908
11.174	0.1	NonTarget	1	11174
11.441	0.1	NonTarget	1	11441
11.675	0.1	Target	2	11675
11.942	0.1	NonTarget	1	11942
12.175	0.1	Target	2	12175
12.442	0.1	NonTarget	1	12442
12.676	0.1	NonTarget	1	12676
12.943	0.1	NonTarget	1	12943
13.176	0.1	NonTarget	1	13176
13.443	0.1	Target	2	13443
13.676	0.1	NonTarget	1	13676
13.943	0.1	NonTarget	1	13943
14.21	0.1	NonTarget	1	14210
14.444	0.1	Target	2	14444
14.711	0.1	NonTarget	1	14711
14.944	0.1	NonTarget	1	14944
15.211	0.1	NonTarget	1	15211
15.478	0.1	Target	2	15478
15.745	0.1	NonTarget	1	15745
15.978	0.1	NonTarget	1	15978
16.245	0.1	NonTarget	1	16245
16.479	0.1	NonTarget	1	16479
16.746	0.1	Target	2	16746
17.012	0.1	NonTarget	1	17012
17.246	0.1	Target	2	17246
17.513	0.1	NonTarget	1	17513
17.746	0.1	Target	2	17746
18.013	0.1	NonTarget	1	18013
18.28	0.1	NonTarget	1	18280
18.514	0.1	NonTarget	1	18514
18.781	0.1	NonTarget	1	18781
19.047	0.1	NonTarget	1	19047
27.321	0.1	NonTarget	1	27321
27.621	0.1	NonTarget	1	27621
27.855	0.1	Target	2	27855
28.121	0.1	NonTarget	1	28121
28.388	0.1	NonTarget	1	28388
28.622	0.1	Target	2	28622
28.889	0.1	NonTarget	1	28889
29.122	0.1	Target	2	29122
29.389	0.1	NonTarget	1	29389
29.623	0.1	NonTarget	1	29623
29.89	0.1	NonTarget	1	29890
30.156	0.1	Target	2	30156
30.39	0.1	NonTarget	1	30390
30.657	0.1	NonTarget	1	30657
30.924	0.1	Target	2	30924
31.157	0.1	NonTarget	1	31157
31.424	0.1	Target	2	31424
31.658	0.1	NonTarget	1	31658
31.925	0.1	NonTarget	1	31925
32.158	0.1	NonTarget	1	32158
32.425	0.1	NonTarget	1	32425
32.658	0.1	NonTarget	1	32658
32.925	0.1	NonTarget	1	32925
33.159	0.1	NonTarget	1	33159
33.426	0.1	NonTarget	1	33426
33.693	0.1	Target	2	33693
33.926	0.1	NonTarget	1	33926
34.193	0.1	NonTarget	1	34193
34.46	0.1	NonTarget	1	34460
34.693	0.1	Target	2	34693
34.96	0.1	NonTarget	1	34960
35.194	0.1	NonTarget	1	35194
35.461	0.1	NonTarget	1	35461
35.728	0.1	NonTarget	1	35728
35.994	0.1	Target	2	35994
36.228	0.1	NonTarget	1	36228
36.495	0.1	NonTarget	1	36495
36.729	0.1	Target	2	36729
36.995	0.1	NonTarget	1	36995
37.229	0.1	NonTarget	1	37229
37.496	0.1	NonTarget	1	37496
37.763	0.1	Target	2	37763
37.996	0.1	NonTarget	1	37996
38.263	0.1	NonTarget	1	38263
38.496	0.1	Target	2	38496
38.763	0.1	NonTarget	1	38763
39.03	0.1	NonTarget	1	39030
39.264	0.1	NonTarget	1	39264
39.531	0.1	NonTarget	1	39531
39.764	0.1	NonTarget	1	39764
40.031	0.1	Target	2	40031
40.298	0.1	NonTarget	1	40298
40.531	0.1	NonTarget	1	40531
40.798	0.1	NonTarget	1	40798
41.032	0.1	NonTarget	1	41032
41.299	0.1	NonTarget	1	41299
41.532	0.1	NonTarget	1	41532
41.799	0.1	NonTarget	1	41799
42.066	0.1	Target	2	42066
42.3	0.1	NonTarget	1	42300
42.566	0.1	NonTarget	1	42566
42.833	0.1	NonTarget	1	42833
43.067	0.1	NonTarget	1	43067
43.334	0.1	Target	2	43334
43.601	0.1	NonTarget	1	43601
43.834	0.1	Target	2	43834
44.101	0.1	NonTarget	1	44101
44.335	0.1	NonTarget	1	44335
52.641	0.1	NonTarget	1	52641
52.908	0.1	NonTarget	1	52908
53.175	0.1	Target	2	53175
53.409	0.1	NonTarget	1	53409
53.676	0.1	NonTarget	1	53676
53.942	0.1	Target	2	53942
54.176	0.1	NonTarget	1	54176
54.443	0.1	NonTarget	1	54443
54.676	0.1	Target	2	54676
54.943	0.1	NonTarget	1	54943
55.177	0.1	NonTarget	1	55177
55.444	0.1	NonTarget	1	55444
55.71	0.1	Target	2	55710
55.944	0.1	NonTarget	1	55944
56.211	0.1	NonTarget	1	56211
56.444	0.1	NonTarget	1	56444
56.711	0.1	NonTarget	1	56711
56.945	0.1	NonTarget	1	56945
57.212	0.1	Target	2	57212
57.445	0.1	NonTarget	1	57445
57.712	0.1	NonTarget	1	57712
57.979	0.1	Target	2	57979
58.212	0.1	NonTarget	1	58212
58.479	0.1	NonTarget	1	58479
58.746	0.1	NonTarget	1	58746
58.98	0.1	NonTarget	1	58980
59.247	0.1	Target	2	59247
59.513	0.1	NonTarget	1	59513
59.747	0.1	NonTarget	1	59747
60.014	0.1	NonTarget	1	60014
60.247	0.1	NonTarget	1	60247
60.514	0.1	Target	2	60514
60.748	0.1	NonTarget	1	60748
61.015	0.1	NonTarget	1	61015
61.282	0.1	NonTarget	1	61282
61.515	0.1	NonTarget	1	61515
61.782	0.1	NonTarget	1	61782
62.015	0.1	NonTarget	1	62015
62.282	0.1	Target	2	62282
62.516	0.1	NonTarget	1	62516
62.783	0.1	Target	2	62783
63.016	0.1	NonTarget	1	63016
63.283	0.1	Target	2	63283
63.517	0.1	NonTarget	1	63517
63.784	0.1	NonTarget	1	63784
64.05	0.1	NonTarget	1	64050
64.284	0.1	NonTarget	1	64284
64.551	0.1	NonTarget	1	64551
64.784	0.1	Target	2	64784
65.051	0.1	NonTarget	1	65051
65.285	0.1	NonTarget	1	65285
65.552	0.1	NonTarget	1	65552
65.819	0.1	NonTarget	1	65819
66.085	0.1	NonTarget	1	66085
66.319	0.1	NonTarget	1	66319
66.586	0.1	Target	2	66586
66.853	0.1	Target	2	66853
67.086	0.1	NonTarget	1	67086
67.353	0.1	NonTarget	1	67353
67.62	0.1	NonTarget	1	67620
67.854	0.1	Target	2	67854
68.121	0.1	NonTarget	1	68121
68.354	0.1	NonTarget	1	68354
68.621	0.1	Target	2	68621
68.854	0.1	NonTarget	1	68854
69.121	0.1	NonTarget	1	69121
69.388	0.1	NonTarget	1	69388
69.622	0.1	NonTarget	1	69622
77.928	0.1	NonTarget	1	77928
78.195	0.1	NonTarget	1	78195
78.462	0.1	Target	2	78462
78.696	0.1	NonTarget	1	78696
78.963	0.1	NonTarget	1	78963
79.196	0.1	NonTarget	1	79196
79.463	0.1	Target	2	79463
79.696	0.1	NonTarget	1	79696
79.963	0.1	NonTarget	1	79963
80.197	0.1	NonTarget	1	80197
80.464	0.1	Target	2	80464
80.697	0.1	NonTarget	1	80697
80.964	0.1	NonTarget	1	80964
81.198	0.1	NonTarget	1	81198
81.465	0.1	NonTarget	1	81465
81.731	0.1	NonTarget	1	81731
81.965	0.1	Target	2	81965
82.232	0.1	NonTarget	1	82232
82.465	0.1	NonTarget	1	82465
82.732	0.1	NonTarget	1	82732
82.966	0.1	Target	2	82966
83.233	0.1	NonTarget	1	83233
83.466	0.1	NonTarget	1	83466
83.733	0.1	Target	2	83733
84	0.1	NonTarget	1	84000
84.234	0.1	NonTarget	1	84234
84.5	0.1	NonTarget	1	84500
84.734	0.1	Target	2	84734
85.001	0.1	NonTarget	1	85001
85.234	0.1	NonTarget	1	85234
85.501	0.1	NonTarget	1	85501
85.768	0.1	NonTarget	1	85768
86.002	0.1	Target	2	86002
86.268	0.1	NonTarget	1	86268
86.502	0.1	Target	2	86502
86.769	0.1	NonTarget	1	86769
87.036	0.1	NonTarget	1	87036
87.269	0.1	NonTarget	1	87269
87.536	0.1	NonTarget	1	87536
87.77	0.1	Target	2	87770
88.036	0.1	NonTarget	1	88036
88.27	0.1	NonTarget	1	88270
88.537	0.1	NonTarget	1	88537
88.77	0.1	NonTarget	1	88770
89.037	0.1	NonTarget	1	89037
89.271	0.1	NonTarget	1	89271
89.538	0.1	NonTarget	1	89538
89.805	0.1	Target	2	89805
90.038	0.1	NonTarget	1	90038
90.305	0.1	NonTarget	1	90305
90.572	0.1	NonTarget	1	90572
90.805	0.1	Target	2	90805
91.072	0.1	Target	2	91072
91.306	0.1	Target	2	91306
91.573	0.1	NonTarget	1	91573
91.84	0.1	NonTarget	1	91840
92.073	0.1	NonTarget	1	92073
92.34	0.1	NonTarget	1	92340
92.573	0.1	NonTarget	1	92573
92.84	0.1	NonTarget	1	92840
93.074	0.1	Target	2	93074
93.341	0.1	NonTarget	1	93341
93.574	0.1	NonTarget	1	93574
93.841	0.1	NonTarget	1	93841
94.075	0.1	NonTarget	1	94075
94.342	0.1	NonTarget	1	94342
94.575	0.1	Target	2	94575
94.842	0.1	NonTarget	1	94842
103.115	0.1	NonTarget	1	103115
103.416	0.1	NonTarget	1	103416
103.649	0.1	Target	2	103649
103.916	0.1	NonTarget	1	103916
104.15	0.1	NonTarget	1	104150
104.416	0.1	NonTarget	1	104416
104.65	0.1	Target	2	104650
104.917	0.1	NonTarget	1	104917
105.15	0.1	Target	2	105150
105.417	0.1	NonTarget	1	105417
105.651	0.1	NonTarget	1	105651
105.918	0.1	NonTarget	1	105918
106.184	0.1	NonTarget	1	106184
106.418	0.1	NonTarget	1	106418
106.685	0.1	Target	2	106685
106.918	0.1	NonTarget	1	106918
107.185	0.1	NonTarget	1	107185
107.419	0.1	Target	2	107419
107.686	0.1	NonTarget	1	107686
107.953	0.1	Target	2	107953
108.219	0.1	NonTarget	1	108219
108.453	0.1	NonTarget	1	108453
108.72	0.1	NonTarget	1	108720
108.987	0.1	NonTarget	1	108987
109.22	0.1	Target	2	109220
109.487	0.1	NonTarget	1	109487
109.754	0.1	NonTarget	1	109754
109.988	0.1	Target	2	109988
110.254	0.1	NonTarget	1	110254
110.488	0.1	NonTarget	1	110488
110.755	0.1	NonTarget	1	110755
111.022	0.1	NonTarget	1	111022
111.255	0.1	NonTarget	1	111255
111.522	0.1	NonTarget	1	111522
111.789	0.1	NonTarget	1	111789
112.023	0.1	Target	2	112023
112.289	0.1	NonTarget	1	112289
112.523	0.1	NonTarget	1	112523
112.79	0.1	NonTarget	1	112790
113.023	0.1	NonTarget	1	113023
113.29	0.1	NonTarget	1	113290
113.524	0.1	NonTarget	1	113524
113.791	0.1	Target	2	113791
114.024	0.1	NonTarget	1	114024
114.291	0.1	NonTarget	1	114291
114.525	0.1	NonTarget	1	114525
114.792	0.1	NonTarget	1	114792
115.059	0.1	Target	2	115059
115.292	0.1	NonTarget	1	115292
115.559	0.1	NonTarget	1	115559
115.792	0.1	NonTarget	1	115792
116.059	0.1	Target	2	116059
116.293	0.1	NonTarget	1	116293
116.56	0.1	NonTarget	1	116560
116.793	0.1	NonTarget	1	116793
117.06	0.1	Target	2	117060
117.293	0.1	NonTarget	1	117293
117.56	0.1	NonTarget	1	117560
117.794	0.1	NonTarget	1	117794
118.061	0.1	Target	2	118061
118.294	0.1	NonTarget	1	118294
118.561	0.1	NonTarget	1	118561
118.828	0.1	Target	2	118828
119.095	0.1	NonTarget	1	119095
119.328	0.1	NonTarget	1	119328
119.595	0.1	NonTarget	1	119595
119.829	0.1	Target	2	119829
120.096	0.1	NonTarget	1	120096
128.402	0.1	Target	2	128402
128.669	0.1	NonTarget	1	128669
128.936	0.1	NonTarget	1	128936
129.203	0.1	NonTarget	1	129203
129.437	0.1	Target	2	129437
129.704	0.1	NonTarget	1	129704
129.937	0.1	Target	2	129937
130.204	0.1	NonTarget	1	130204
130.438	0.1	NonTarget	1	130438
130.704	0.1	NonTarget	1	130704
130.971	0.1	NonTarget	1	130971
131.205	0.1	NonTarget	1	131205
131.472	0.1	NonTarget	1	131472
131.705	0.1	NonTarget	1	131705
131.972	0.1	Target	2	131972
132.239	0.1	NonTarget	1	132239
132.473	0.1	NonTarget	1	132473
132.739	0.1	NonTarget	1	132739
133.006	0.1	Target	2	133006
133.24	0.1	NonTarget	1	133240
133.507	0.1	NonTarget	1	133507
133.74	0.1	NonTarget	1	133740
134.007	0.1	NonTarget	1	134007
134.24	0.1	Target	2	134240
134.507	0.1	NonTarget	1	134507
134.741	0.1	NonTarget	1	134741
135.008	0.1	Target	2	135008
135.241	0.1	NonTarget	1	135241
135.508	0.1	NonTarget	1	135508
135.742	0.1	NonTarget	1	135742
136.009	0.1	NonTarget	1	136009
136.242	0.1	Target	2	136242
136.509	0.1	NonTarget	1	136509
136.776	0.1	NonTarget	1	136776
137.043	0.1	NonTarget	1	137043
137.276	0.1	NonTarget	1	137276
137.543	0.1	NonTarget	1	137543
137.777	0.1	NonTarget	1	137777
138.044	0.1	NonTarget	1	138044
138.31	0.1	NonTarget	1	138310
138.544	0.1	NonTarget	1	138544
138.811	0.1	Target	2	138811
139.044	0.1	NonTarget	1	139044
139.311	0.1	NonTarget	1	139311
139.578	0.1	NonTarget	1	139578
139.812	0.1	NonTarget	1	139812
140.079	0.1	NonTarget	1	140079
140.312	0.1	Target	2	140312
140.579	0.1	NonTarget	1	140579
140.812	0.1	Target	2	140812
141.079	0.1	Target	2	141079
141.313	0.1	NonTarget	1	141313
141.58	0.1	NonTarget	1	141580
141.847	0.1	NonTarget	1	141847
142.08	0.1	Target	2	142080
142.347	0.1	NonTarget	1	142347
142.581	0.1	NonTarget	1	142581
142.847	0.1	NonTarget	1	142847
143.081	0.1	NonTarget	1	143081
143.348	0.1	NonTarget	1	143348
143.615	0.1	NonTarget	1	143615
143.882	0.1	NonTarget	1	143882
144.115	0.1	NonTarget	1	144115
144.382	0.1	NonTarget	1	144382
144.616	0.1	Target	2	144616
144.883	0.1	NonTarget	1	144883
145.149	0.1	Target	2	145149
145.383	0.1	Target	2	145383
153.69	0.1	NonTarget	1	153690
153.956	0.1	NonTarget	1	153956
154.223	0.1	Target	2	154223
154.457	0.1	NonTarget	1	154457
154.724	0.1	NonTarget	1	154724
154.991	0.1	Target	2	154991
155.224	0.1	NonTarget	1	155224
155.491	0.1	NonTarget	1	155491
155.724	0.1	NonTarget	1	155724
155.991	0.1	NonTarget	1	155991
156.258	0.1	NonTarget	1	156258
156.492	0.1	Target	2	156492
156.759	0.1	NonTarget	1	156759
157.026	0.1	NonTarget	1	157026
157.259	0.1	NonTarget	1	157259
157.526	0.1	Target	2	157526
157.793	0.1	NonTarget	1	157793
158.026	0.1	NonTarget	1	158026
158.293	0.1	NonTarget	1	158293
158.56	0.1	Target	2	158560
158.794	0.1	NonTarget	1	158794
159.061	0.1	NonTarget	1	159061
159.294	0.1	NonTarget	1	159294
159.561	0.1	NonTarget	1	159561
159.828	0.1	NonTarget	1	159828
160.061	0.1	Target	2	160061
160.328	0.1	NonTarget	1	160328
160.595	0.1	Target	2	160595
160.829	0.1	NonTarget	1	160829
161.096	0.1	NonTarget	1	161096
161.363	0.1	NonTarget	1	161363
161.596	0.1	Target	2	161596
161.863	0.1	NonTarget	1	161863
162.097	0.1	NonTarget	1	162097
162.363	0.1	NonTarget	1	162363
162.597	0.1	Target	2	162597
162.864	0.1	NonTarget	1	162864
163.131	0.1	NonTarget	1	163131
163.397	0.1	NonTarget	1	163397
163.631	0.1	NonTarget	1	163631
163.898	0.1	NonTarget	1	163898
164.165	0.1	NonTarget	1	164165
164.398	0.1	NonTarget	1	164398
164.665	0.1	Target	2	164665
164.932	0.1	NonTarget	1	164932
165.165	0.1	Target	2	165165
165.432	0.1	NonTarget	1	165432
165.666	0.1	NonTarget	1	165666
165.933	0.1	NonTarget	1	165933
166.166	0.1	NonTarget	1	166166
166.433	0.1	Target	2	166433
166.667	0.1	NonTarget	1	166667
166.934	0.1	NonTarget	1	166934
167.2	0.1	NonTarget	1	167200
167.434	0.1	Target	2	167434
167.701	0.1	NonTarget	1	167701
167.968	0.1	NonTarget	1	167968
168.201	0.1	NonTarget	1	168201
168.468	0.1	Target	2	168468
168.735	0.1	NonTarget	1	168735
168.969	0.1	NonTarget	1	168969
169.235	0.1	NonTarget	1	169235
169.469	0.1	Target	2	169469
169.736	0.1	Target	2	169736
169.969	0.1	NonTarget	1	169969
170.236	0.1	NonTarget	1	170236
170.503	0.1	NonTarget	1	170503
170.737	0.1	NonTarget	1	170737
